id,text,group,split,ai,low_quality
human_collier_0,to no known forms We observe the heart and brain fostering helping and sometimes hindering directing controlling and guarding the evolution of the nearer or remoter portions We perceive on scrutiny threads of relationship being woven new nervous muscular and circulatory systems being developed which connect the extremities with the center and unite both into an organic whole We are struck at times with the rupture of the mass and the permanent separation of parts of it at times we are impressed by an unexpected augmentation in previously unknown areas as if to repair the loss of the old We witness the extremities reacting on the original nucleus to some extent remodeling the heart and brain and thus creating a type of organism unprecedented in Nature And we find that of a limited number of such colossal types ever battling for predominance one or another gains an ascendency and the rest are reduced to a secondary rank or being lopped of their colonial extensions cease to be world wide organisms and shrink into the merely national organisms from which they sprang Snails put out their feelers as they go The bolder insects and the more adventurous birds fly small or great distances in search of a feeding ground some are carried out to sea and become involuntary discoverers of new,collier.txt,train,0,
human_collier_1,lands C The social organism puts out its feelers and extends in mass The community pushes out its scouts and a portion of it at longer or shorter intervals follows their lead Thus the mother country discovers many of the territories it colonizes Cadiz was unknown to the Eastern world till a Phœnician merchant ship was blown thither The West African coast and the mouth of the Rhone were discovered by the Carthaginians Libya west of Egypt was a _terra incognita_ to the Greeks till a Greek sailor who had been driven on its inhospitable coast informed the emigrant Theræans of its existence The Portuguese discovered the Azores The Spaniards discovered the West India Islands Mexico Peru and Florida France discovered the country lying along the basin of the St Lawrence and the valley of the Mississippi Holland through an English navigator discovered the Hudson River and the future site of New York England through another alien discovered the New England coast and that of Virginia it discovered or rediscovered vast Australia New Zealand Tasmania and other South Sea islands in quite recent years it discovered the sources of the Nile All these countries have been or are about to be colonized by the peoples that discovered them C Examples of insects are given in Darwin’s Journal and of birds,collier.txt,train,0,
human_collier_2,in Wallace’s Malay Archipelago Discovery is chiefly the work of private enterprise It was Phœnician and Greek traders who explored the northern and western coasts of Africa of Spain of Gaul and of Britain Scandinavian mariners Norman and English fishermen discovered North America Spanish adventurers found the Canaries The host of travelers have explored on their private account Yet there are animals like Mr Thompson’s Lobo the wolf and Spot the crow able generals and leaders of large bands who seem to direct exploratory movements So after a while governments lend their aid when they have ends of their own or their aid is needed The two most memorable exploring expeditions of modern times and the most momentous in their results were either in great part or wholly equipped by their respective governments Two of the vessels of Columbus were impressed ships and the equipment proceeded from the Castilian treasury the third being fitted out by merchant mariners of Palos The expedition of Captain Cook which practically added a new continent to the globe was altogether a state enterprise and its celebrated commander was not like Columbus its designer and organizer but only its director The Portuguese discoveries of the Azores and the Cape were also state aided From this time forward Spanish and Portuguese adventurers received a royal license,collier.txt,train,0,
human_collier_3,to discover and the South American continent with Mexico and Peru as its brightest jewels was discovered by just such adventurers Where a government refuses itself to discover it may like the States General of Holland assure to the enterprising a terminable monopoly of trade with newly discovered lands and to this assurance the exploration of New York and its neighborhood and the discovery of Connecticut were due Merchant companies have naturally a keen eye to the main chance but those English and Dutch merchants can not be accused of timidity who chartered Cabot Gilbert Hudson and other daring mariners to seek a northwest passage to the East Kings in their private capacity newspaper proprietors and rich individuals from generous motives sometimes equip and support explorers like Stanley and Winwood Reade Geographical like scientific discovery is often accidental Phœnician and Greek traders Spanish adventurers Norman and English fishermen were blown by a succession of gales to Cadiz and Cyrene the Canaries Mexico and Newfoundland Diaz was storm carried southward to the Cape where two shipwrecked mariners long afterward induced the Dutch to settle Columbus Cabot and Hudson sought a passage to India or China The day comes however when chance gives way to a systematic art of discovery The voyage of Columbus was the first where the end was deliberately,collier.txt,train,0,
human_davis_0,establishment of these evolutionary principles exploration at home and abroad has greatly increased the store of recorded facts the more civilized countries have been in large part measured and mapped the coasts of the world have been charted the less civilized continents have been penetrated to their centers This harvest of fact has been an indispensable stimulus to the study of physical geography yet it can not be doubted that the spirit which has given life to the letter of the subject is the principle of evolution inorganic and organic This is especially true of the geography of the lands The century has seen the measurement of higher peaks in the Himalayas than had been previously measured in the Andes The Nile has been traced to its source in the lakes of equatorial Africa verifying the traditions of the ancients and the Kongo has been found to cross the equator twice on its way to the sea Facts without number have been added to the previous sum of knowledge But at the same time it has been discovered that the valleys of mountain ranges are the work of erosion that the product of valley erosion is often seen in extensive piedmont fluviatile plains that waterfalls are retrogressively worn away until they are reduced to the smooth grade of a maturely,davis.txt,train,0,
human_davis_1,established river and that interior basins are slowly filling with the waste that is washed in from their rims upon their floors Here are explanatory generalizations involving yet going far beyond matter of direct observation Such generalizations in geography correspond to the recognition in astronomy that planetary movements exemplify the law of gravitation they are the Newton as against the Kepler of the subject The sufficient justification of the demand that has now arisen for explanation and correlation in the study of land forms is found in the repeated experience that until an explanatory description of a region can be given one may be sure that some of its significant elements pass unnoticed and until the controls that it exerts on living forms are studied one may be confident that its geographical value is but half measured A sentence from Guyot’s Earth and Man may here be taken as a guide To describe without rising to the causes or descending to the consequences is no more science than merely and simply to relate a fact of which one has been a witness There could hardly be devised a more concise and searching test of good work than this quotation suggests The causes in so far as the physical geography of the lands is concerned have been learned chiefly through the,davis.txt,train,0,
human_davis_2,study of geology yet it does not by any means follow that all geologists are possessed of such knowledge of these causes as will constitute them geographers The consequences have been learned through the study of evolutionary biology yet a distinct addition to the usual discipline of biology is required in order to apprehend its geographical correlations The limited space allowed to this article will require that further consideration of the consequences be excluded in order to give due consideration to the causes One of the preparatory steps in the century’s advance was taken by the German geographer Ritter who near the beginning of the century advocated a new principle that may be illustrated by the change in the definition of geography from the description of the earth and its inhabitants to the study of the earth in relation to its inhabitants but advance beyond this beginning was for a long time obstructed by certain ancient beliefs Theological preconceptions as to the age of the earth and the associated geological doctrine of catastrophism although attacked by the rising school of uniformitarianism were then dominant They gave to the geographer a ready made earth on which the existing processes of change were unimportant Furthermore the belief in the separate creation of every organic species led to the doctrine of teleology which,davis.txt,train,0,
human_davis_3,maintained the predetermined fitness of the earth for its inhabitants and of its inhabitants for their lifework All this had to be outgrown before geographers could understand the slow development of land forms and the progressive adaptation of all living beings to their environments Yet the beginning that Ritter made was of great importance and it would have led further had it not happened that for many decades professors of geography in Europe brought chiefly a historical training to their chairs to the almost entire neglect of physical geography In the last thirty years there has been a reaction from this condition in Germany and France but Italy with many professors of geography in her universities still for the most part follows historical methods In the victory of the uniformitarians over the catastrophists began the fortunate alliance of geography with geology which was long afterwards happily phrased by Mackinder Geology considers the past in the light of the present geography considers the present in the light of the past Instead of believing in cataclysmic upheavals and in overwhelming floods Playfair and other exponents of the Huttonian school taught that mountains were slowly upheaved and slowly worn down The simplicity of Playfair’s argument finds excellent illustration in the often quoted passage regarding the origin of valleys Every river appears to consist,davis.txt,train,0,
human_haffkine_0,It was due to certain particularly favorable circumstances that the first ideas on preventive inoculation were gathered from observations on smallpox patients Such circumstances were presumably the following _a _ It is a disease which attacks epidemically in a short time and within a small area large numbers of people thus permitting of easy comparisons and suggesting conclusions from the facts observed _b _ Its fatality is comparatively small so that after each outbreak a large number of convalescent persons remain alive to serve as objects for future observation and comparison _c _ These convalescents are marked and are thus easily distinguishable from the rest of the population who have not been attacked and even the severity of the disease they have gone through is so to say written down on their faces and bodies _d _ The disease is easily communicable owing to the infectious matter appearing on the surface of the patient’s body in the pustules It was easy therefore to notice in this case as was indeed very early done in the East that a person who has gone through one attack as shown by his pitted face very rarely suffers even during severe subsequent epidemics Smallpox like other epidemic diseases breaks out in some years in very fatal in others in milder forms It is admissible,haffkine.txt,train,0,
human_haffkine_1,that by a mixed process of thought and faith an impression insensibly gained ground that it was _lucky_ to have been touched by the smallpox deity of course not in years when that deity appeared in terrifying mortality Accordingly in times of _mild_ outbreaks people would not be very careful in avoiding infected persons and would even seek their company so as to get infected from them The practice of intentionally rubbing one’s skin with a pustule or with bits of it from an attacked person must have been a subsequent stage Such or a similarly gradual development of ideas may explain why it is impossible to fix a date or place for this discovery which indeed goes back to the darkness of antiquity Research points to its practice among the Chinese and Hindus in very ancient times The Chinamen induced a mild attack by inserting a crust from a smallpox pustule into the nostrils The Hindus on the contrary used the fluid pus which they inoculated under the skin of the arm In either case in the course of a week the inoculated was attacked by some slight preliminary symptoms followed by an eruption sometimes profuse sometimes scanty and then the disease would run its ordinary course The only difference between an attack caused by inoculation and that caused,haffkine.txt,train,0,
human_haffkine_2,by natural infection was as a rule the milder nature of the former especially when the matter for inoculation was taken from a notoriously mild case The result however was by no means certain A mild form of an infectious disease may be due either to the virus being of a weak nature and then such a virus would be the desired one for inoculating persons seeking artificial protection or else the mildness of the case may be due to the patient himself being of a resistant organization in which case though exhibiting mild symptoms himself he may be harboring an intense form of contagion apt to cause a severe outbreak when transferred to other less resistant persons Many plans were consequently adopted to secure with more certainty a mild artificial infection Some of these were directed to the treatment of the patient preparatory to inoculation others to the preparation of the infectious matter in order to attenuate its virulence The Brahmans who were the operators in India in addition to selecting material from patients with a mild form of the disease were accustomed not to employ the pus at once but to keep it wrapped up in cotton wool for a period of about twelve months and thus to weaken its power They inoculated in the early part of,haffkine.txt,train,0,
human_haffkine_3,the year at the time when smallpox prevailed and the practice they used was to moisten with water a bit of cotton wool prepared in the previous outbreak to place it on the arm of the person to be inoculated and to prick the arm through the wool over an area of about the size of a twenty five cent piece In a few days a vesicle would appear at the seat of the inoculation which later on developed into a pustule and eruption Notwithstanding these precautions great variation in the results was observed and many succumbed to the operation but those that passed through it safely were proof against further attacks Besides the personal risk to the inoculated the illness produced in them was infectious to others and unprotected persons coming in contact with the inoculated were likely to get infected from them The latter result was largely avoided by the practice adopted by the Brahmans of inoculating all the inhabitants of a family or village at the same time The benefits secured under the above precautions were considered far to outweigh the risks of inoculation With the extension of smallpox westward the system of artificial protection spread toward Europe through the intermediary of travelers and merchants The Arabs and Turks appreciated its benefits at an early date The,haffkine.txt,train,0,
human_shaler_0,Already the greater number of the white people know the blacks only as they are known by the Northern folk Race prejudice which in the days of slavery was hardly more than formal finding expression mainly in certain rules as to the behavior of the inferior class is likely to increase in proportion as the two peoples become parted from one another in interests If the present movement to disfranchise the negroes should lead to their general and permanent separation from political life or if in elections they should again array themselves as they did immediately after the war under the lead of white adventurers against the property interests of the commonwealth then there may be disaster The aim of the statesman of every citizen in his quality of a statesman should be to make the present political separation of the races as far as possible temporary Their effort should be to develop in the blacks the qualities which may make them safe holders of the franchise and to give that trust to all who become worthy of it We may at once put aside all the futile expedients for other dispositions of the negroes than the simple plan of adopting them into our national life The ancient project of returning them to Africa the suggestions that they should be,shaler.txt,train,0,
human_shaler_1,deported to some part of the American tropics or be segregated in some one of the Southern States are all too impracticable to deserve a moment’s attention They must be dismissed if for no other reason because the labor of the negroes is needed where they now dwell Their exodus would mean the commercial ruin of half a dozen great States It is hardly necessary to suggest that any such action would involve a trespass upon the rights of both the whites and blacks too great to be thought of in our day Assuming that the only thing to do with the negroes is to shape them so that they may be fit for the place of citizens the question is as to the steps which may be taken to attain this end It is evident that it cannot quickly be done Acting on the basis of our experience with immigrants from Europe a majority of Congress concluded that all the negro needed to convert him from the slave to the truly free man was the ballot We failed to see that between the primitive station of our race two thousand years ago and its present state there lay twenty centuries of toil and pain spent in winning the state of mind of the citizen We mocked the African with,shaler.txt,train,0,
human_shaler_2,the gift of the franchise We have now to begin where we should have begun thirty five years ago with measures that are proportionate to the need with a system of education that may serve to develop the saving qualities of the race What should this education be To most of us education begins with an alphabet and goes on to an indetermined limit of things that are to be had from books The method is naturally esteemed for we behold that the useful citizen comes forth from such teaching Yet logically we might as well attribute the shape and quality of the body to the clothes it bears The real education of our race that which gives the most of its value to the trifle of instruction we give our children is clearly a matter of race experience of training in the generations of deeds since it began to pass from primitive savagery First came the lessons in the art of continually laboring Fortunately this lesson of labor the negro either brought with him or learned so well in the generations of slavery that it is safely acquired Next came the training in the occupations above the plane of simple agriculture the industries of the forge the loom the ship and of military service and with it the habits,shaler.txt,train,0,
human_wynkoop_0,time to time from the gas office And it must be admitted that many of the explanations are misleading either through the intention of the superior officials or by reason of the ignorance of their subordinates Hardly has the chill of shortening days driven us indoors in the early twilight before complaints of poor gas become epidemic Now what _is_ poor gas Is the gas deficient in light giving constituents or is it merely burned in such a manner as not to afford a satisfactory illumination The charter of Greater New York requires that the illuminating gas supplied throughout the city shall be of at least twenty candle power or illuminating quality or richness that is to say if we burn this gas in a standard burner at the standard pressure or at as near this pressure as may be so that the rate of consumption is five cubic feet an hour the flame thus produced shall be equivalent to twenty standard sperm candles each burning at the rate of one hundred and twenty grains of sperm per hour and all bunched if such a thing were possible There can be hardly any doubt but that all the gas sent out from modern gas works fulfills the above requirement Indeed my own tests give results ranging from twenty two to,wynkoop.txt,valid,0,
human_wynkoop_1,twenty eight candles with an average of about twenty four Manifestly the gas _sent out_ is not poor Nevertheless the fact that the gas as manufactured is of the required candle power is no indication that the product as delivered to the consumer will give a similarly satisfactory test Distribution of gas is attended with many perplexities not the least of which is condensation The illuminating hydrocarbons or light giving constituents held in suspension in the gas are not so firmly fixed therein as to be unaffected by the size of the pipe the character of the internal pipe surface and barometric and thermometric variations The transmission of gas causes therefore a loss of candle power ranging from a small fraction to several candles although it is possible to conceive of conditions so extraordinarily favorable that the illuminating quality of the gas might be actually improved by distribution It will be readily understood from this explanation that tests made at the gas works or even at points arbitrarily selected at a certain distance from these works are hardly calculated to satisfy the consumer For this reason I have preferred in conducting these tests to sacrifice to some degree the accuracy that obtains in laboratory experiments in order to test gas samples _taken from the main directly in front of the,wynkoop.txt,valid,0,
human_wynkoop_2,complainant’s own premises_ I argue that the consumer cares little or nothing as to whether the gas as manufactured complies with the law or whether tests made at a point perhaps a mile away from the works show the required candle power but that he does want to know what is the quality of the gas passing in at his service pipe The method of collecting and transporting to a laboratory the gas samples enables one to say with positiveness that the gas at the point of complaint has an illuminating power of at least so many candles and that it may be even one candle better than the tests indicate The figures thus obtained range from twenty and a half to twenty five So then the gas _delivered to the consumer_ is not poor Hygienic reasons demand that the impurities in the gas shall not exceed a definite percentage Whatever effect these impurities may have upon the candle power has been covered by the tests above explained so that any further consideration of these impurities may be omitted here It is always a difficult matter to convince an indignant householder that the quality of the gas supplied to him is satisfactory He knows perfectly well that he is not getting the desired result and no explanation however elaborate as,wynkoop.txt,valid,0,
human_wynkoop_3,to candle power will placate him unless it be supplemented by a further statement detailing the cause of the trouble When you are trying to draw water in the bathroom while the cook is filling the washtubs in the basement do you say the water is poor Why then should you characterize the gas as poor when people nearer to the gas works than you are happen to be drawing heavily upon the common gas main Imagine if you please a long gas main with consumers tapping in at points throughout its entire length and with a gas holder forcing the gas in at one end Since there is a loss of pressure caused by the transmission it follows that the pressure will be higher at the gas holder than anywhere else along the line the _difference_ in pressure depending roughly upon the size and length of the pipe and upon the amount of gas flowing Now for any one customer the size and length of pipe will remain constant but the flow of gas along the line will vary from hour to hour consequently the pressure at his house may be expected to vary from hour to hour The unit of measurement of gas pressure is that pressure which will cause a difference of water level of one tenth,wynkoop.txt,valid,0,
human_macdougal_0,space climate and soil cannot be grown in the locality In addition the species which formed the vegetation of the previous geological periods are represented by fossil specimens completing the history of the plant world so far as it is known and yielding suggestions as to the descent of the present types Two general educational purposes are served by an institution of this character Its collections are arranged to present information on the form relationship mode of life habit and general biological character of the principal types of vegetation in such manner as to be capable of comprehension by persons unacquainted with the technical aspects of the subject Further interpretation of such facts may be made by means of books journals and lectures devoted entirely to this phase of the subject The material accumulated for the exploitation of popular knowledge of plants also affords an excellent basis for the induction of students into the more strictly scientific aspects of botany and when supplemented by laboratories furnished with apparatus microscopes and other instruments of precision the activities of these students may be carried beyond the frontiers of the subject in the investigation and discovery of new facts and phenomena This extension of the boundaries of knowledge concerning the plant world may be carried on to advantage only when a library is,macdougal.txt,valid,0,
human_macdougal_1,at hand which contains all of the more important literature bearing upon the subject The descriptions of the results of such researches should be made in publications devoted exclusively to this purpose in accordance with the practice of all the more important botanical institutions in the world The general scope of the New York Botanical Garden has already been described by the writer in a previous number of this magazine January 1897 The greater part of its actual construction and organization has taken place in the last three years and it has now entered upon the discharge of its chief functions Illustration MAP OF THE GARDEN The Garden comprises two hundred and fifty acres of land in Bronx Park in the City of New York which was set aside for that purpose by the Department of Public Parks in 1895 A fireproof museum building of stone brick and terra cotta 308 by 110 feet has been erected for the Garden by the city in the western part of the grounds near the Bedford Park Station of the New York Central Railroad The building has a basement floor and three stories with a total floor space of nearly two acres and a window area equal to half that of the floor area The basement contains a lecture theater capable of seating,macdougal.txt,valid,0,
human_macdougal_2,seven hundred people two large exhibition halls preparation rooms constant temperature laboratory offices and storerooms The first floor is devoted to a collection of economic plants and the temporary installation of useful products in the way of foods drugs timbers woods fibers gums waxes resins oils sugars starches poisons utensils etc gives hints as to the great diversity of uses that may be made of vegetable products together with an illustration of their method of preparation and their derivation The second floor is given over to an exhibit of types of all of the more important families and tribes of plants from the simplest and most minute to the highest and most complex Specimens models fruits seeds drawings and photographs are used to bring the principal facts clearly before the observer A set of swinging frames running parallel to the cases containing the types of the flora of the world are used to display specimens of the plants found within a hundred miles of New York City A number of special microscopes have been constructed for the purpose of forming a perfect exhibit which will enable the visitor to see some of the more salient features in the minute structure of some of the plants in the cases Illustration THE MUSEUM The third floor contains the library herbarium and laboratories,macdougal.txt,valid,0,
human_jacoby_0,by the aid of Newton’s law of gravitation But they proved just as conclusively that these planetary orbits as they are called could not maintain indefinitely the same shapes or positions Slow indeed might be the changes they were destined to undergo slow but sure with that sureness belonging to celestial science alone And so men asked Has this magnificent solar system been built upon a scale so grand been put in operation subject to a law sublime in its very simplicity only to change and change until at length it shall lose every semblance of its former self and end perhaps in chaos or extinction Laplace was able to answer confidently No Nor was his answer couched in the enthusiastic language of unbalanced theorists who work by the aid of imagination alone Based upon the irrefragable logic of correct mathematical reasoning and clad in the sober garb of mathematical formulæ his results carried conviction to men of science the world over So was it demonstrated that changes in our solar system are surely at work and shall continue for nearly countless ages yet just as surely will they be reversed at last and the system will tend to return again to its original form and condition The objection that the Newtonian law meant ultimate dissolution of the world was,jacoby.txt,test,0,
human_jacoby_1,thus destroyed by Laplace From that day forward the law of gravitation has been accepted as holding sway over all phenomena visible within our planetary world The intricacies of our own solar system being thus illumined the restless activity of the human intellect was stimulated to search beyond for new problems and new mysteries Even more fascinating than the movements of our sun and planets are all those questions that relate to the clustered stellar congeries hanging suspended within the deep blue vault of night Does the same law of gravitation cast its magic spell over that hazy cloud of Pleiads binding them like ourselves with bonds indissoluble Who shall answer yes or no We can only say that astronomers have as yet but stepped upon the threshold of the universe and fixed the telescope’s great eye upon that which is within Let us then begin by reminding the reader what is meant by that Newtonian law of gravitation It appears all things possess the remarkable property of attracting or pulling each other Newton declared that all substances solid liquid or even gaseous from the massive cliff of rock down to the invisible air all matter can no more help pulling than it can help existing His law further formulates certain conditions governing the manner in which this gravitational attraction,jacoby.txt,test,0,
human_jacoby_2,is exerted but these are mere matters of detail interest centers about the mysterious fact of attraction itself How can one thing pull another with no connecting link through which the pull can act Just here we touch the point that has never yet been explained Nature withholds from science her ultimate secrets They that have pondered longest that have descended farthest of all men into the clear well of knowledge have done so but to sound the depths beyond never touching bottom This inability of ours to give a good physical explanation of gravitation has led numerous paradoxers to doubt or even deny that there is any such thing But fortunately we have a simple laboratory experiment that helps us Unexplained it may ever remain but that there can be attraction between physical objects connected by no visible link is proved by the behavior of an ordinary magnet Place a small piece of steel or iron near a magnetized bar and it will at once be so strongly attracted that it will actually fly to the magnet Any one who has seen this simple experiment can never again deny the possibility at least of the law of attraction as stated by Newton Its possibility once admitted the fact that it can predict the motions of all the planets even,jacoby.txt,test,0,
human_jacoby_3,shown to the minutest details transforms the possibility of its birth into a certainty as strong as any human certainty can ever be But this demonstration of Newton’s law is limited strictly to the solar system itself We may indeed reason by analogy and take for granted that a law which holds within our immediate neighborhood is extremely likely to be true also of the entire visible universe But men of science are loath to reason thus and hence the fascination of researches in cosmic astronomy Analogy points out the path The astronomer is not slow to follow but he seeks ever to establish upon incontrovertible evidence those truths which at first only his daring imagination had led him to half suspect If we are to extend the law of gravitation to the utmost we must be careful to consider the law itself in its most complete form A heavenly body like the sun is often said to govern the motions of its family of planets but such a statement is not strictly accurate The governing body is no despot tis an abject slave of law and order as much as the tiniest of attendant planets The action of gravitation is mutual and no cosmic body can attract another without being itself in turn subject to that other’s gravitational action,jacoby.txt,test,0,
human_darwin_0,to look over a diary which I kept thirty seven years ago with respect to one of my own infants I had excellent opportunities for close observation and wrote down at once whatever was observed My chief object was expression and my notes were used in my book on this subject but as I attended to some other points my observations may possibly possess some little interest in comparison with those by M Taine and others which hereafter no doubt will be made I feel sure from what I have seen with my own infants that the period of development of the several faculties will be found to differ considerably in different infants During the first seven days various reflex actions namely sneezing hickuping yawning stretching and of course sucking and screaming were well performed by my infant On the seventh day I touched the naked sole of his foot with a bit of paper and he jerked it away curling at the same time his toes like a much older child when tickled The perfection of these reflex movements shows that the extreme imperfection of the voluntary ones is not due to the state of the muscles or of the co ordinating centers but to that of the seat of the will At this time though so early it,darwin.txt,test,0,
human_darwin_1,seemed clear to me that a warm soft hand applied to his face excited a wish to suck This must be considered as a reflex or an instinctive action for it is impossible to believe that experience and association with the touch of his mother’s breast could so soon have come into play During the first fortnight he often started on hearing any sudden sound and blinked his eyes The same fact was observed with some of my other infants within the first fortnight Once when he was 66 days old I happened to sneeze and he started violently frowned looked frightened and cried rather badly for an hour afterwards he was in a state which would be called nervous in an older person for every slight noise made him start A few days before this same date he first started at an object suddenly seen but for a long time afterwards sounds made him start and wink his eyes much more frequently than did sight thus when 114 days old I shook a pasteboard box with comfits in it near his face and he started whilst the same box when empty or any other object shaken as near or much nearer to his face produced no effect We may infer from these several facts that the winking of the,darwin.txt,test,0,
human_darwin_2,eyes which manifestly serves to protect them had not been acquired through experience Although so sensitive to sound in a general way he was not able even when 124 days old easily to recognize whence a sound proceeded so as to direct his eyes to the source With respect to vision his eyes were fixed on a candle as early as the 9th day and up to the 45th day nothing else seemed thus to fix them but on the 49th day his attention was attracted by a bright colored tassel as was shown by his eyes becoming fixed and the movements of his arms ceasing It was surprising how slowly he acquired the power of following with his eyes an object if swinging at all rapidly for he could not do this well when seven and a half months old At the age of 32 days he perceived his mother’s bosom when three or four inches from it as was shown by the protrusion of his lips and his eyes becoming fixed but I much doubt whether this had any connection with vision he certainly had not touched the bosom Whether he was guided through smell or the sensation of warmth or through association with the position in which he was held I do not at all know The,darwin.txt,test,0,
human_darwin_3,movements of his limbs and body were for a long time vague and purposeless and usually performed in a jerking manner but there was one exception to this rule namely that from a very early period certainly long before he was 40 days old he could move his hands to his own mouth When 77 days old he took the sucking bottle with which he was partly fed in his right hand whether he was held on the left or right arm of his nurse and he would not take it in his left hand until a week later although I tried to make him do so so that the right hand was a week in advance of the left Yet this infant afterwards proved to be left handed the tendency being no doubt inherited his grandfather mother and a brother having been or being left handed When between 80 and 90 days old he drew all sorts of objects into his mouth and in two or three weeks time could do this with some skill but he often first touched his nose with the object and then dragged it down into his mouth After grasping my finger and drawing it to his mouth his own hand prevented him from sucking it but on the 114th day after acting in,darwin.txt,test,0,
ai_ai01_train_electricity,"THE DISTRIBUTION OF ELECTRIC LIGHT.

The increasing use of electricity for illumination has rendered necessary a
careful consideration of the manner in which the current shall be distributed.
It is one thing to produce the current at a central station and quite another
to convey it economically to lamps situated at different distances. The wires
must be of sufficient capacity to carry the required current without excessive
loss, while at the same time the expense of metal must be kept within reasonable
limits.

In a large installation the demand is not constant. Some lamps are lighted
early in the evening and others later, while certain workshops may require
power during the day. A distribution system must therefore accommodate changes
of load without unnecessary waste. The arrangement of conductors, transformers
and switches becomes almost as important as the generating machinery itself.

It is sometimes supposed that the perfection of the lamp is the chief matter
to be considered. In practice the whole system must be regarded as an
interdependent mechanism. A lamp of excellent construction cannot compensate
for losses in transmission, nor can a powerful generator make a badly planned
network economical. The future development of electric lighting will depend
upon improvements in the system as a whole rather than upon a single invention.",ai01_train_electricity,train,1,
ai_ai02_train_railway_signals,"RAILWAY SIGNALS AND SAFETY.

The rapid extension of railway traffic has made the proper control of trains a
matter of increasing importance. A line upon which only a few trains are
running may be operated with simple arrangements, but the same method becomes
dangerous when the number of movements is greatly increased. The signal then
serves as the visible expression of a set of rules by which one movement is
permitted and another prohibited.

The mechanical signal itself is comparatively simple. The difficulty lies in
determining when it shall change and in making certain that the operator's
action corresponds with the actual condition of the line. A signal which
indicates safety while a train is already occupying the section beyond it is
worse than useless. The apparatus must therefore be connected with the
movements which it is intended to govern.

Automatic arrangements promise assistance in this direction because they
reduce the number of separate decisions required from the signalman. Yet
automatic machinery introduces its own conditions. Contacts may become
imperfect, wires may fail, and mechanical parts require inspection. A good
railway signal system is consequently not merely an ingenious collection of
devices. It is a method of maintaining definite knowledge of where trains are,
which lines are clear, and what movement may safely follow another.",ai02_train_railway_signals,train,1,
ai_ai03_train_water_pumps,"IMPROVEMENTS IN WATER PUMPS.

The ordinary pumping engine appears at first sight to be a simple machine.
Water enters one part of the apparatus, pressure is applied to it, and the
fluid is delivered through a pipe. Yet the useful effect depends upon many
details which are easily neglected. Valves must open and close at the proper
instant, the passages must be sufficiently large, and the moving parts must
work without excessive friction.

A pump which gives a satisfactory result under a nearly constant supply may
behave quite differently when the level of the water changes. The suction
height then becomes an important consideration, and imperfections in the
valves may produce a marked reduction of delivery. The temptation to judge a
pump merely by the force observed at its outlet is therefore misleading.

There is also an advantage in arranging the working parts so that inspection
can be made without dismantling the entire machine. An apparatus which is
theoretically efficient but troublesome to maintain may prove inferior to a
somewhat simpler construction. The best pumping machinery is likely to be that
which combines regular action with accessibility.

As in many branches of mechanical engineering, improvements do not necessarily
consist in making the machine more elaborate. A better relation among the
existing parts may accomplish more than the addition of another complicated
device.",ai03_train_water_pumps,train,1,
ai_ai04_train_telegraph_cables,"UNDERGROUND TELEGRAPH CABLES.

The proposal to place telegraph conductors beneath the surface has advantages
which are easily recognized from the appearance of a modern city. Overhead
wires multiply as the population increases, and the poles required to support
them occupy valuable space while adding little to the beauty of the streets.
Yet the removal of the wires does not remove the engineering difficulty.

A buried conductor must be protected against moisture, mechanical injury and
the disturbance produced by excavation. When a fault occurs in an overhead
line, the defective portion may often be discovered by ordinary inspection.
The underground cable conceals its condition and may therefore require a
different method of examination.

The expense of construction is also an important matter. The first cost is
greater because trenches must be prepared and suitable coverings provided.
On the other hand, the finished system is less exposed to wind and accidental
contact. Whether the change is economical must consequently be determined over
the whole period of service.

The important question is not whether one arrangement looks better than the
other, but which system provides the most reliable communication for the money
expended. A practical comparison must include construction, maintenance,
repairs and the interruptions caused by failures. Only such a comparison can
justify a general adoption of underground lines.",ai04_train_telegraph_cables,train,1,
ai_ai05_train_steam_engine,"THE GOVERNING OF STEAM ENGINES.

The successful operation of a steam engine requires more than the production
of pressure within the boiler. The engine must receive steam in such a manner
that the power developed remains reasonably uniform under changing loads.
Without some means of regulation, a reduction in the demand may cause the
speed to increase, while an increase in the work required may produce an
undesirable slowing of the machinery.

The governor performs this regulating function by responding to variations in
speed and altering the admission of steam. Its action is therefore indirect:
it does not create the power, but modifies the conditions under which the
engine receives it. The simplicity of this principle should not lead to the
supposition that every governor will act equally well.

The response must be sufficiently rapid without producing continuous
oscillation. A mechanism which closes the admission too suddenly may cause an
irregular motion, while one which moves too slowly may permit the speed to
change considerably before correction occurs. Friction and looseness in the
connecting parts introduce further difficulties.

The practical engineer consequently judges a governing apparatus not merely by
its ability to alter the steam supply, but by the steadiness of the whole
engine while the load varies. A successful arrangement is one whose corrections
are prompt, moderate and repeatable.",ai05_train_steam_engine,train,1,
ai_ai06_train_telephone_exchange,"THE ORGANIZATION OF A TELEPHONE EXCHANGE.

The rapid growth of telephone service has made the exchange an important
mechanism in its own right. When only a small number of subscribers are
connected, the operator may establish a communication with little difficulty.
As the number increases, however, the possible combinations multiply rapidly,
and the exchange must provide an orderly means of making one connection while
preserving many others.

Each subscriber requires a line leading to the central office, together with
some means of indicating that service is requested. The operator then connects
the calling line with the line belonging to the desired subscriber. The
apparatus must make the connection secure without requiring an excessive number
of independent operations.

The chief difficulty is not the principle of connection but the management of
large numbers of simultaneous calls. A good exchange must provide sufficient
capacity while avoiding needless complication. Faults must also be located
promptly, for a defective contact in a central office may interfere with many
subscribers at once.

The telephone exchange illustrates a general principle of modern engineering:
when the number of users becomes large, organization may be as important as
the individual mechanism. The usefulness of each instrument depends upon the
ability of the entire system to work together.",ai06_train_telephone_exchange,train,1,
ai_ai07_valid_photography,"THE DEVELOPMENT OF PHOTOGRAPHIC PLATES.

The photographic plate is often regarded merely as a surface upon which the
image of an object is received, but the preparation of that surface determines
many of the useful qualities of the photograph. The sensitive material must
respond sufficiently to light, remain attached to the glass, and preserve the
image during the processes required to develop and fix it.

A plate intended for one purpose may not be equally suitable for another. A
portrait photographer desires a pleasing rendering of delicate tones, while an
astronomer is concerned with the detection of faint points of light. In each
case the value of the plate depends upon the relation between its sensitivity
and the character of the work.

The chemical preparation is therefore not a minor matter. Small changes in the
composition of the coating may alter the speed of exposure or the manner in
which detail is recorded. Storage must likewise be considered, since the
sensitive surface may deteriorate if improperly kept.

The progress of photography will probably come not from a single universal
plate but from the production of materials adapted to definite uses. The
important improvement is greater command over the conditions under which the
image is formed and preserved.",ai07_valid_photography,valid,1,
ai_ai08_valid_weather,"THE RECORDING OF WEATHER OBSERVATIONS.

The usefulness of meteorological observations depends greatly upon their
regularity. A thermometer read at one moment tells us something of the
temperature at that instant, but a succession of observations permits the
student to determine changes and recurring conditions. The same principle
applies to the pressure of the atmosphere, the direction of the wind and the
amount of cloud.

An observation is of little value if the position and condition of the
instrument are unknown. A thermometer exposed to the direct rays of the sun
may give a reading which cannot fairly be compared with one obtained in shade.
The instrument must therefore be placed according to a definite rule, and the
observer must follow the same method from day to day.

Long records are especially useful because individual disturbances then assume
their proper proportion. A single storm may attract attention because of its
violence, while a series of observations reveals whether such an event is rare
or forms part of a familiar seasonal pattern.

The object of systematic observation is not merely to accumulate figures. It
is to create a record from which changes may be distinguished from ordinary
variation. The value of a scientific observation lies as much in its manner of
collection as in the number which it finally produces.",ai08_valid_weather,valid,1,
ai_ai09_valid_mining_ventilation,"VENTILATION IN DEEP MINES.

As mines are carried to greater depths, the circulation of air becomes a matter
of increasing importance. The workmen require a continuous supply of air fit
for breathing, while gases produced within the workings must be removed. A
shaft which appears ample when the mine is shallow may prove inadequate after
new galleries have been opened at greater depth.

The movement of air is influenced by differences of temperature and pressure,
but mechanical assistance is often necessary where natural circulation is
insufficient. The ventilating fan then becomes one of the principal machines
connected with the mine.

The arrangement of the passages presents a further difficulty. Air will seek
the path offering the least resistance, so that a poorly planned system may
send too much of the supply through one portion while leaving another
insufficiently ventilated. Doors, partitions and properly directed openings are
therefore essential.

A satisfactory ventilation system must be judged by the condition actually
maintained in the workings. The size of the fan alone does not establish that
the arrangement is effective. The quantity of air delivered, its distribution
and the condition of the return passages must all be considered together.",ai09_valid_mining_ventilation,valid,1,
ai_ai10_test_optical_instruments,"THE ACCURACY OF OPTICAL INSTRUMENTS.

An optical instrument may possess excellent lenses and still fail to give a
satisfactory result if the parts are not properly aligned. The path of the
light must be maintained with considerable precision, for a small deviation in
one component may produce a visible error in the final image.

Telescopes, microscopes and surveying instruments differ greatly in their
construction, yet the same general principle applies to each. The observer
relies upon a definite relation between the separate optical surfaces. Changes
of temperature may alter dimensions sufficiently to disturb this relation,
while rough handling may produce a displacement which is not immediately
obvious.

It is therefore desirable that instruments be examined under conditions
resembling those in which they are to be used. An adjustment which appears
perfect in the workshop may require correction when the instrument is exposed
to a different temperature or mounted upon another support.

Accuracy is thus not merely a property of the glass. It is a property of the
complete instrument, including its frame, adjustments and method of use. The
best construction is one which preserves the intended optical relations while
remaining sufficiently robust for practical work.",ai10_test_optical_instruments,test,1,
ai_ai11_test_agricultural_machinery,"THE MODERN AGRICULTURAL MACHINE.

The introduction of machinery into agriculture has changed many operations
which formerly depended almost entirely upon manual labor. A machine may cut,
thresh or separate material with a regularity difficult to obtain by hand, but
its usefulness depends upon the circumstances of the farm as much as upon the
machine itself.

The soil, the crop, the available labor and the condition of the fields all
affect the result. A device which performs admirably under one set of
conditions may prove troublesome where the ground is uneven or the crop differs
in character. It is therefore dangerous to judge a machine solely by a
demonstration made under favorable circumstances.

Durability is another consideration. Agricultural machinery is exposed to
dust, moisture and irregular maintenance, and a complicated mechanism may lose
its advantage if delicate parts require frequent adjustment. Simplicity has a
value which cannot always be represented by a catalogue of improvements.

The most useful agricultural machine is consequently not necessarily the one
which performs the greatest number of operations. It is the one which performs
its intended work with sufficient speed, moderate expense and a reliability
suited to the conditions under which it must serve.",ai11_test_agricultural_machinery,test,1,
ai_ai12_test_urban_water_supply,"THE PURIFICATION OF CITY WATER.

The growth of towns has increased the necessity for a dependable supply of
water suitable for household use. A source which appears perfectly clear is
not necessarily free from undesirable impurities, and the character of the
water may change after heavy rain or other disturbance.

The first requirement is therefore knowledge of the source. Rivers, wells and
reservoirs each possess different conditions, and the manner in which water
reaches the inhabitants may introduce further opportunities for contamination.
Storage tanks and pipes must be maintained as carefully as the original
supply.

Filtration provides one means of improving the quality of water. Its action
depends upon the passage of the liquid through a material capable of retaining
unwanted substances, but the operation must be watched if the filter is to
remain effective. A filter which is neglected may give a false appearance of
security.

The problem of water supply illustrates the necessity of considering an entire
system rather than one operation. The source, treatment, storage and
distribution are connected, and failure in any part may influence the quality
received at the end of the service. Sound public arrangements therefore depend
upon continued observation and maintenance rather than upon one isolated
improvement.",ai12_test_urban_water_supply,test,1,
ai_ai13_train_bridge_design,"BRIDGES AND THE DISTRIBUTION OF WEIGHT.

The construction of a bridge requires more than sufficient strength in its
separate members. The weight placed upon the roadway must be conducted to the
supports in such a manner that no portion is required to perform a duty for
which it was not designed.

A beam resting upon two supports bends when loaded. The upper fibres are
compressed while the lower fibres are extended, and the amount of this change
depends upon the form and material of the beam. By arranging the members so
that the load follows several paths, the engineer may obtain greater strength
without a proportional increase in material.

The difficulty is increased when moving loads are considered. A bridge must
bear not only its own weight but also the varying pressure produced by carts,
engines, and other traffic. The structure therefore requires sufficient margin
to accommodate changes which cannot be predicted at one instant.

A good bridge is consequently not merely a strong object. It is an organized
system in which each member assists in carrying the load toward the supports.",ai13_train_bridge_design,train,1,
ai_ai14_train_clock_mechanisms,"THE ACCURACY OF CLOCK MECHANISMS.

The measurement of time depends upon the regularity of the mechanism employed.
A clock may contain a beautifully constructed train of wheels and yet fail to
keep satisfactory time if the regulating part is affected by temperature,
friction, or changes in the driving force.

The pendulum offers one means of maintaining regularity because its period is
comparatively stable. But even this arrangement is not entirely independent
of surrounding conditions. Changes in temperature alter the dimensions of the
rod, while variations in amplitude may influence the motion.

The object of the regulator is therefore to reduce these sources of error.
The driving force must be maintained within suitable limits, and the moving
parts must be constructed so that unnecessary friction is avoided.

The progress of clockmaking has consisted largely in reducing the number and
magnitude of such disturbances. Accuracy is obtained not by one ingenious
device alone, but by careful adjustment of all the conditions upon which the
motion depends.",ai14_train_clock_mechanisms,train,1,
ai_ai15_train_crop_rotation,"THE ROTATION OF CROPS.

The productive value of a field cannot always be maintained by growing the
same crop year after year. Plants remove particular substances from the soil,
and repeated cultivation may therefore lead to a gradual decline in the
condition required for successful growth.

Rotation provides one means of avoiding this difficulty. A grain crop may be
followed by another plant having different requirements, and the interval may
also permit weeds and certain pests to be controlled. The improvement does not
come from the mere change of name of the crop. Its effect depends upon the
relations among the plants selected and the condition in which each leaves the
soil.

The farmer must consequently consider the succession as a whole. A rotation
which appears satisfactory on paper may fail if the climate, drainage, or
market conditions render one of its stages unsuitable.

The useful principle is that agriculture should be regarded as a continuing
system rather than as a series of isolated harvests.",ai15_train_crop_rotation,train,1,
ai_ai16_train_factory_belts,"THE TRANSMISSION OF POWER BY BELTS.

In many workshops the motion of one shaft is communicated to another by means
of a belt. The arrangement is simple, but the regularity of the transmission
depends upon conditions which deserve attention.

A belt must possess sufficient tension to maintain contact with the pulleys.
If the tension is too small, slipping may occur; if it is too great, the load
upon the bearings is unnecessarily increased. The material of the belt and
the condition of the pulleys also influence the result.

As the distance between shafts increases, the arrangement becomes more
difficult to maintain. Changes in temperature and the gradual stretching of
the material alter the tension with time. Periodic adjustment is therefore
necessary.

The advantage of the belt system lies partly in its simplicity and its ability
to accommodate machinery arranged at convenient distances. Its successful
operation, however, depends upon maintaining a suitable relation among speed,
tension, friction, and load.",ai16_train_factory_belts,train,1,
ai_ai17_train_metal_casting,"THE COOLING OF CAST METALS.

When melted metal is poured into a mould, the solidification which follows is
not instantaneous. The outer surface may become solid while the interior
remains hot and fluid. The manner in which this cooling proceeds influences
the form and properties of the finished casting.

A mould which removes heat rapidly may produce a different structure from one
which cools the metal slowly. Unequal cooling can also produce internal
stresses because different portions of the casting contract at different
rates.

The thickness of the object is therefore an important consideration. A narrow
section may solidify while a thick portion remains fluid, and the resulting
contraction may leave a cavity or other defect.

Good casting practice requires attention to the shape of the mould as well as
to the composition of the metal. The finished object is determined not only by
what material is poured into the mould, but also by the history of its cooling.",ai17_train_metal_casting,train,1,
ai_ai18_train_sewer_systems,"THE CONSTRUCTION OF SEWERS.

A city sewer must carry away waste water with sufficient regularity to prevent
stagnation while avoiding unnecessary expense in construction. The inclination
of the pipe, its dimensions, and the quantity of water expected all enter into
the design.

A conduit which is too small may become obstructed, while one made excessively
large adds cost without providing a corresponding advantage. The velocity of
the current is also important, since a sluggish flow may permit material to
settle along the bottom.

Ventilation deserves attention because gases may accumulate when circulation
is imperfect. Access points are required so that obstructions can be discovered
and removed without disturbing the entire system.

The sewer is therefore a machine of a peculiar kind. It contains no engine,
yet its successful action depends upon the proper arrangement of passages,
gradients, inlets and outlets. A sound system is one whose separate parts work
together continuously under ordinary conditions.",ai18_train_sewer_systems,train,1,
ai_ai19_train_railway_brakes,"THE OPERATION OF RAILWAY BRAKES.

The safety of a railway train depends upon the ability to reduce its motion
within a suitable distance. The greater the weight and speed of the train,
the more work must be performed by the braking apparatus before the wheels are
brought to rest.

A brake acts by pressing a frictional surface against a moving wheel or other
member. The resulting resistance converts mechanical energy into heat. If the
pressure is too small, the stopping distance becomes excessive; if it is
applied too suddenly, the wheels may cease to rotate while the train continues
to move, reducing the useful effect.

A successful system therefore requires control as well as strength. The
brakes on different vehicles must respond with sufficient uniformity that the
train does not undergo violent changes in longitudinal force.

The history of railway brakes shows again that an apparatus must be judged as
a system. The strength of a single lever tells little unless the complete
chain of action can be made reliable.",ai19_train_railway_brakes,train,1,
ai_ai20_train_photographic_exposure,"THE DETERMINATION OF PHOTOGRAPHIC EXPOSURE.

The proper exposure of a photographic plate depends upon the quantity of light
received by the sensitive surface and upon the character of the subject. A
bright outdoor scene and a dim interior cannot be treated according to one
simple rule.

The opening of the lens controls the amount of light admitted, while the time
during which the plate is exposed determines how long the sensitive material
is affected. These quantities are related, and an alteration in one requires
a corresponding change in the other.

The subject itself introduces another consideration. A landscape containing
strong contrasts may demand a different treatment from an evenly illuminated
object. The purpose of the photograph also matters because detail in shadows
may sometimes be more important than the preservation of highlights.

Successful exposure is consequently a matter of judging several conditions
together rather than relying upon a single numerical table.",ai20_train_photographic_exposure,train,1,
ai_ai21_train_lighthouse_lenses,"THE LENSES OF LIGHTHOUSES.

The object of a lighthouse lens is to direct a considerable quantity of light
toward the horizon where it may be seen by distant vessels. A simple lamp
emits rays in many directions, much of whose illumination is consequently
wasted.

By arranging glass surfaces in suitable forms, the rays may be refracted into
a more useful path. The lens must be large enough to intercept the light
produced by the lamp and accurately shaped so that the desired beam is formed.

The revolving mechanism presents another problem. If the lens is caused to
move steadily, the observer at sea perceives a succession of flashes. The
interval and character of these flashes become part of the signal by which the
position of the lighthouse is recognized.

The apparatus therefore combines optics with mechanical motion. The brightness
of the lamp alone does not establish the usefulness of the lighthouse; the
light must be gathered, directed, and presented in a recognizable manner.",ai21_train_lighthouse_lenses,train,1,
ai_ai22_valid_airship_navigation,"NAVIGATION OF AIRSHIPS.

The movement of an airship introduces difficulties which are less conspicuous
in a vehicle supported by the ground. Wind affects the path directly, and a
change in altitude may alter both the speed and the character of the air
encountered.

The navigator must therefore distinguish between the direction in which the
ship points and the path actually followed over the earth. A steady wind from
one side may leave the vessel apparently well directed while carrying it far
from the intended course.

Instruments provide assistance, but measurements must be interpreted together.
A compass gives direction, while observation of landmarks or celestial bodies
may furnish an independent indication of progress.

The useful lesson is that navigation is not simply the steering of a machine.
It is the continuous comparison of intended motion with observed motion and
the correction of errors before they become large.",ai22_valid_airship_navigation,valid,1,
ai_ai23_valid_machinery_lubrication,"THE USE OF LUBRICANTS IN MACHINERY.

When two solid surfaces move against each other, resistance arises from the
irregularities of the surfaces and from the deformation which accompanies
contact. A lubricant interposed between them may reduce this resistance and
carry away some of the heat produced by motion.

The mere presence of oil does not guarantee satisfactory operation. Its
viscosity must be suitable for the speed and pressure involved, and the supply
must reach the actual bearing surfaces. An excess may be as inconvenient as a
deficiency.

Dust and other foreign matter introduce another difficulty. If particles
enter the bearing, they may increase wear despite the presence of lubricant.
Cleanliness of the surrounding machinery is therefore part of the lubrication
problem.

The value of a lubricant is best judged by its effect upon the complete
machine: reduced friction, moderate temperature, and preservation of the
working surfaces over time.",ai23_valid_machinery_lubrication,valid,1,
ai_ai24_valid_factory_ventilation,"VENTILATION OF FACTORIES.

A factory containing many workers must provide air in sufficient quantity to
replace that which has become warm or contaminated. Natural openings may be
adequate under favorable conditions, but their effect varies with the weather
and the arrangement of the building.

Mechanical ventilation offers greater control. Fans may create a definite
movement of air, but the success of the system depends upon the position of
the inlets and outlets. Air introduced at one point may pass directly to an
exit without properly reaching the occupied portions of the room.

Heat-producing machinery creates an additional demand because warm air tends
to rise and may collect beneath the roof. The arrangement should therefore
take account of the circulation produced by both machinery and occupants.

A satisfactory factory ventilation system is one that maintains acceptable
conditions throughout the working space, not merely one that moves a large
volume of air at the fan.",ai24_valid_factory_ventilation,valid,1,
ai_ai25_valid_railway_timetables,"THE PREPARATION OF RAILWAY TIMETABLES.

A railway timetable is a written representation of a complicated sequence of
movements. The arrival of one train may depend upon the departure of another,
while stations with limited track space may permit only certain combinations
of trains at one time.

The preparation of the schedule therefore requires attention to the physical
conditions of the line. The distance between stations, the speed of trains,
and the time required for loading and unloading all influence the possible
arrangements.

A timetable which appears convenient to passengers may be impracticable if it
allows no margin for ordinary delays. On the other hand, excessive intervals
waste the carrying capacity of the railway.

The best schedule is accordingly a compromise between speed, reliability and
efficient use of the line. Its success is measured not by the elegance of the
printed table but by the regularity with which the actual service can follow
it.",ai25_valid_railway_timetables,valid,1,
ai_ai26_test_electric_meters,"THE MEASUREMENT OF ELECTRIC CURRENT.

The increasing use of electric power has created a need for instruments by
which the quantity of electricity delivered to an installation may be
determined. A mere indication that a circuit is carrying current does not
tell the engineer how much energy has been supplied over a period of time.

An electric meter must therefore respond to a quantity related to the current
and duration of the operation. The mechanism may produce motion proportional
to the electrical work performed, allowing the total consumption to be read
from a scale or register.

Accuracy depends upon more than the indicating pointer. Friction, temperature
and changes in the electrical conditions may introduce errors, and the meter
must be constructed so that such influences remain within suitable limits.

The value of the instrument lies in converting an invisible process into a
record which can be examined, compared and used for practical accounting.",ai26_test_electric_meters,test,1,
ai_ai27_test_steam_boiler_inspection,"INSPECTION OF STEAM BOILERS.

A steam boiler is a vessel in which pressure and temperature are maintained
for the production of useful power. Because the stresses imposed upon its
walls may be considerable, regular inspection is essential.

The visible condition of the metal provides only part of the information
required. Corrosion may progress where it cannot easily be seen, while scale
inside the boiler may interfere with the transfer of heat and alter the
conditions under which the vessel operates.

Inspection should consequently consider the construction, water condition,
working pressure and history of the apparatus. A record made on one occasion
is more useful when it can be compared with earlier observations.

The object is not merely to discover defects after they become serious, but to
recognize changes while there is still time to correct them. Reliable operation
depends upon continued examination as well as sound original construction.",ai27_test_steam_boiler_inspection,test,1,
ai_ai28_test_river_navigation,"NAVIGATION OF RIVERS.

The navigation of a river depends upon more than the existence of a continuous
channel. Changes in depth, currents, bends and deposits of material may alter
the conditions under which vessels can pass.

A channel suitable in one season may become difficult in another if floods
remove material from one bank and deposit it elsewhere. The navigator must
therefore possess information concerning both the usual course of the river
and temporary changes.

Markers and charts provide assistance, while regular soundings reveal whether
the depth remains sufficient for vessels of a given draught. The cost of such
work must be compared with the value of maintaining reliable navigation.

A successful improvement does not attempt to force every river into the same
form. It begins with an understanding of the natural conditions and modifies
them only where the expected benefit justifies the work.",ai28_test_river_navigation,test,1,
ai_ai29_test_municipal_gas_lighting,"MUNICIPAL GAS LIGHTING.

The lighting of public streets requires a dependable supply of gas, suitable
lamps, and an arrangement that permits the flame to be maintained at useful
brightness. The expense is influenced not only by the quantity of gas consumed
but by losses occurring throughout the distribution system.

Pressure must be sufficient to carry the gas through the mains, yet excessive
pressure may create unnecessary difficulties at the burners. The condition of
the pipes also matters, since leakage represents both waste and reduced
service.

Street lamps require regular inspection because dirt, damaged fittings, or
irregular burners can reduce the useful light. The public sees only the flame,
but its quality depends upon the entire supply system behind it.

The economical provision of illumination therefore requires attention to
production, distribution, maintenance, and actual performance in the street.",ai29_test_municipal_gas_lighting,test,1,
ai_ai30_test_mining_drainage,"DRAINAGE OF MINES.

Water entering a mine may come from rain, underground springs, or surrounding
strata. As workings are extended, the quantity may increase and interfere with
both safety and productive work.

Pumps must be selected according to the expected inflow and the height through
which the water must be raised. A machine sufficient under ordinary conditions
may prove inadequate during an unusual increase, so some margin of capacity is
desirable.

The arrangement of drains and sumps is equally important. Water should be
directed toward collecting points from which it can be removed without
hindering the workmen.

Mining drainage illustrates the importance of preparing for variations in
conditions. The pumping engine is only one part of the system by which water
is collected, controlled, and discharged.",ai30_test_mining_drainage,test,1,
