repeat,n,tp,fp,tn,fn,precision,recall,fpr,f1,accuracy,auroc,fnr,coverage
0,6,3,0,3,0,1.0,1.0,0.0,1.0,1.0,1.0,0.0,1.0
1,6,0,0,3,3,,0.0,0.0,0.0,0.5,0.6666666666666666,1.0,1.0
2,6,0,2,1,3,0.0,0.0,0.6666666666666666,0.0,0.16666666666666666,0.3333333333333333,1.0,1.0
3,6,0,0,3,3,,0.0,0.0,0.0,0.5,1.0,1.0,1.0
4,6,0,0,3,3,,0.0,0.0,0.0,0.5,0.2222222222222222,1.0,1.0
5,6,0,0,3,3,,0.0,0.0,0.0,0.5,0.3333333333333333,1.0,1.0
6,6,0,0,3,3,,0.0,0.0,0.0,0.5,0.5555555555555556,1.0,1.0
7,6,0,0,3,3,,0.0,0.0,0.0,0.5,0.5555555555555556,1.0,1.0
8,6,0,0,3,3,,0.0,0.0,0.0,0.5,0.3333333333333333,1.0,1.0
9,6,0,0,3,3,,0.0,0.0,0.0,0.5,1.0,1.0,1.0
10,6,0,0,3,3,,0.0,0.0,0.0,0.5,0.4444444444444444,1.0,1.0
11,6,1,0,3,2,1.0,0.3333333333333333,0.0,0.5,0.6666666666666666,0.6666666666666666,0.6666666666666667,1.0
12,6,0,0,3,3,,0.0,0.0,0.0,0.5,0.3333333333333333,1.0,1.0
13,6,0,0,3,3,,0.0,0.0,0.0,0.5,0.5555555555555556,1.0,1.0
14,6,0,0,3,3,,0.0,0.0,0.0,0.5,0.0,1.0,1.0
15,6,0,0,3,3,,0.0,0.0,0.0,0.5,0.5555555555555556,1.0,1.0
16,6,0,0,3,3,,0.0,0.0,0.0,0.5,0.6666666666666666,1.0,1.0
17,6,1,0,3,2,1.0,0.3333333333333333,0.0,0.5,0.6666666666666666,1.0,0.6666666666666667,1.0
18,6,0,0,3,3,,0.0,0.0,0.0,0.5,0.7777777777777778,1.0,1.0
19,6,0,0,3,3,,0.0,0.0,0.0,0.5,0.5555555555555556,1.0,1.0
20,6,0,0,3,3,,0.0,0.0,0.0,0.5,0.3333333333333333,1.0,1.0
21,6,3,0,3,0,1.0,1.0,0.0,1.0,1.0,1.0,0.0,1.0
22,6,0,0,3,3,,0.0,0.0,0.0,0.5,0.3333333333333333,1.0,1.0
23,6,0,0,3,3,,0.0,0.0,0.0,0.5,0.5555555555555556,1.0,1.0
24,6,0,0,3,3,,0.0,0.0,0.0,0.5,0.8888888888888888,1.0,1.0
25,6,0,0,3,3,,0.0,0.0,0.0,0.5,0.5555555555555556,1.0,1.0
26,6,1,2,1,2,0.3333333333333333,0.3333333333333333,0.6666666666666666,0.3333333333333333,0.3333333333333333,0.3333333333333333,0.6666666666666667,1.0
27,6,0,0,3,3,,0.0,0.0,0.0,0.5,0.0,1.0,1.0
28,6,0,0,3,3,,0.0,0.0,0.0,0.5,0.4444444444444444,1.0,1.0
29,6,2,0,3,1,1.0,0.6666666666666666,0.0,0.8,0.8333333333333334,0.8888888888888888,0.33333333333333337,1.0
30,6,0,0,3,3,,0.0,0.0,0.0,0.5,0.4444444444444444,1.0,1.0
31,6,0,2,1,3,0.0,0.0,0.6666666666666666,0.0,0.16666666666666666,0.0,1.0,1.0
32,6,0,0,3,3,,0.0,0.0,0.0,0.5,0.4444444444444444,1.0,1.0
33,6,1,0,3,2,1.0,0.3333333333333333,0.0,0.5,0.6666666666666666,0.6666666666666666,0.6666666666666667,1.0
34,6,0,0,3,3,,0.0,0.0,0.0,0.5,0.4444444444444444,1.0,1.0
35,6,0,0,3,3,,0.0,0.0,0.0,0.5,0.3333333333333333,1.0,1.0
36,6,0,0,3,3,,0.0,0.0,0.0,0.5,0.6666666666666666,1.0,1.0
37,6,3,2,1,0,0.6,1.0,0.6666666666666666,0.75,0.6666666666666666,0.7777777777777778,0.0,1.0
38,6,0,0,3,3,,0.0,0.0,0.0,0.5,0.6666666666666666,1.0,1.0
39,6,3,2,1,0,0.6,1.0,0.6666666666666666,0.75,0.6666666666666666,0.3333333333333333,0.0,1.0
40,6,0,0,3,3,,0.0,0.0,0.0,0.5,0.5555555555555556,1.0,1.0
41,6,1,0,3,2,1.0,0.3333333333333333,0.0,0.5,0.6666666666666666,1.0,0.6666666666666667,1.0
42,6,0,0,3,3,,0.0,0.0,0.0,0.5,0.6666666666666666,1.0,1.0
43,6,0,0,3,3,,0.0,0.0,0.0,0.5,0.8888888888888888,1.0,1.0
44,6,1,1,2,2,0.5,0.3333333333333333,0.3333333333333333,0.4,0.5,0.6666666666666666,0.6666666666666667,1.0
45,6,0,0,3,3,,0.0,0.0,0.0,0.5,0.3333333333333333,1.0,1.0
46,6,0,0,3,3,,0.0,0.0,0.0,0.5,0.1111111111111111,1.0,1.0
47,6,0,3,0,3,0.0,0.0,1.0,0.0,0.0,0.0,1.0,1.0
48,6,0,0,3,3,,0.0,0.0,0.0,0.5,0.6666666666666666,1.0,1.0
49,6,0,1,2,3,0.0,0.0,0.3333333333333333,0.0,0.3333333333333333,0.0,1.0,1.0
50,6,0,0,3,3,,0.0,0.0,0.0,0.5,0.3333333333333333,1.0,1.0
51,6,0,0,3,3,,0.0,0.0,0.0,0.5,0.1111111111111111,1.0,1.0
52,6,0,0,3,3,,0.0,0.0,0.0,0.5,0.2222222222222222,1.0,1.0
53,6,0,0,3,3,,0.0,0.0,0.0,0.5,0.0,1.0,1.0
54,6,0,0,3,3,,0.0,0.0,0.0,0.5,0.6666666666666666,1.0,1.0
55,6,0,0,3,3,,0.0,0.0,0.0,0.5,0.3333333333333333,1.0,1.0
56,6,0,0,3,3,,0.0,0.0,0.0,0.5,0.2222222222222222,1.0,1.0
57,6,0,0,3,3,,0.0,0.0,0.0,0.5,0.1111111111111111,1.0,1.0
58,6,0,0,3,3,,0.0,0.0,0.0,0.5,0.4444444444444444,1.0,1.0
59,6,0,0,3,3,,0.0,0.0,0.0,0.5,1.0,1.0,1.0
60,6,1,2,1,2,0.3333333333333333,0.3333333333333333,0.6666666666666666,0.3333333333333333,0.3333333333333333,0.3333333333333333,0.6666666666666667,1.0
61,6,0,0,3,3,,0.0,0.0,0.0,0.5,0.3333333333333333,1.0,1.0
62,6,1,0,3,2,1.0,0.3333333333333333,0.0,0.5,0.6666666666666666,0.3333333333333333,0.6666666666666667,1.0
63,6,1,0,3,2,1.0,0.3333333333333333,0.0,0.5,0.6666666666666666,0.3333333333333333,0.6666666666666667,1.0
64,6,1,0,3,2,1.0,0.3333333333333333,0.0,0.5,0.6666666666666666,0.7777777777777778,0.6666666666666667,1.0
65,6,0,3,0,3,0.0,0.0,1.0,0.0,0.0,0.0,1.0,1.0
66,6,0,0,3,3,,0.0,0.0,0.0,0.5,0.4444444444444444,1.0,1.0
67,6,0,1,2,3,0.0,0.0,0.3333333333333333,0.0,0.3333333333333333,0.4444444444444444,1.0,1.0
68,6,0,0,3,3,,0.0,0.0,0.0,0.5,0.6666666666666666,1.0,1.0
69,6,0,0,3,3,,0.0,0.0,0.0,0.5,0.5555555555555556,1.0,1.0
70,6,0,1,2,3,0.0,0.0,0.3333333333333333,0.0,0.3333333333333333,0.3333333333333333,1.0,1.0
71,6,3,2,1,0,0.6,1.0,0.6666666666666666,0.75,0.6666666666666666,0.3333333333333333,0.0,1.0
72,6,0,1,2,3,0.0,0.0,0.3333333333333333,0.0,0.3333333333333333,0.0,1.0,1.0
73,6,1,0,3,2,1.0,0.3333333333333333,0.0,0.5,0.6666666666666666,0.4444444444444444,0.6666666666666667,1.0
74,6,0,0,3,3,,0.0,0.0,0.0,0.5,0.3333333333333333,1.0,1.0
75,6,0,0,3,3,,0.0,0.0,0.0,0.5,0.2222222222222222,1.0,1.0
76,6,0,2,1,3,0.0,0.0,0.6666666666666666,0.0,0.16666666666666666,0.1111111111111111,1.0,1.0
77,6,1,0,3,2,1.0,0.3333333333333333,0.0,0.5,0.6666666666666666,0.5555555555555556,0.6666666666666667,1.0
78,6,0,0,3,3,,0.0,0.0,0.0,0.5,0.5555555555555556,1.0,1.0
79,6,0,0,3,3,,0.0,0.0,0.0,0.5,0.3333333333333333,1.0,1.0
80,6,0,0,3,3,,0.0,0.0,0.0,0.5,1.0,1.0,1.0
81,6,0,0,3,3,,0.0,0.0,0.0,0.5,0.8888888888888888,1.0,1.0
82,6,0,0,3,3,,0.0,0.0,0.0,0.5,0.3333333333333333,1.0,1.0
83,6,0,0,3,3,,0.0,0.0,0.0,0.5,0.5555555555555556,1.0,1.0
84,6,0,0,3,3,,0.0,0.0,0.0,0.5,0.1111111111111111,1.0,1.0
85,6,0,0,3,3,,0.0,0.0,0.0,0.5,0.4444444444444444,1.0,1.0
86,6,0,0,3,3,,0.0,0.0,0.0,0.5,1.0,1.0,1.0
87,6,0,0,3,3,,0.0,0.0,0.0,0.5,0.3333333333333333,1.0,1.0
88,6,0,1,2,3,0.0,0.0,0.3333333333333333,0.0,0.3333333333333333,0.5555555555555556,1.0,1.0
89,6,0,0,3,3,,0.0,0.0,0.0,0.5,0.2222222222222222,1.0,1.0
90,6,0,0,3,3,,0.0,0.0,0.0,0.5,0.6666666666666666,1.0,1.0
91,6,1,0,3,2,1.0,0.3333333333333333,0.0,0.5,0.6666666666666666,0.5555555555555556,0.6666666666666667,1.0
92,6,0,0,3,3,,0.0,0.0,0.0,0.5,0.1111111111111111,1.0,1.0
93,6,0,0,3,3,,0.0,0.0,0.0,0.5,0.6666666666666666,1.0,1.0
94,6,0,0,3,3,,0.0,0.0,0.0,0.5,0.3333333333333333,1.0,1.0
95,6,0,0,3,3,,0.0,0.0,0.0,0.5,0.5555555555555556,1.0,1.0
96,6,0,0,3,3,,0.0,0.0,0.0,0.5,0.6666666666666666,1.0,1.0
97,6,1,1,2,2,0.5,0.3333333333333333,0.3333333333333333,0.4,0.5,0.5555555555555556,0.6666666666666667,1.0
98,6,0,0,3,3,,0.0,0.0,0.0,0.5,0.2222222222222222,1.0,1.0
99,6,0,1,2,3,0.0,0.0,0.3333333333333333,0.0,0.3333333333333333,0.3333333333333333,1.0,1.0